bob|bob@gmail.com|henderson|canucks
josh|josh@josh.ca|crosby|canucks
jim|jimbo@mail.ca|crosby|blackhawks
joe|joe1|crosby|flames
bill|bill1|crosby|canucks
josh5|josh5@news.ca|steve|devils
will|will@will.com|crosby|canucks
gale|gale@gale.ca|sedin|devils
bruce|nnkf@adsf.ca|SEDIN|flames
gary|gary@hskljas|garyoak|bruins
stairs|stairs@jfjf|dkjsjk|flyersjoshh|josh@josh.ca|Burrows|Canucks
